x-axis,1
second,Volt
-25.00000E-03,-2.36102E-03
-24.97500E-03,-1.60726E-03
-24.95000E-03,+1.40782E-03
-24.92500E-03,-3.37390E-03
-24.90000E-03,-6.50675E-03
-24.87500E-03,-3.24042E-03
-24.85000E-03,-5.25047E-03
-24.82500E-03,-5.12484E-03
-24.80000E-03,-3.86856E-03
-24.77500E-03,-4.24545E-03
-24.75000E-03,-2.48665E-03
-24.72500E-03,-3.24042E-03
-24.70000E-03,-735.71E-06
-24.67500E-03,-1.73288E-03
-24.65000E-03,+771.83E-06
-24.62500E-03,+528.42E-06
-24.60000E-03,+5.29444E-03
-24.57500E-03,-2.98916E-03
-24.55000E-03,-2.61228E-03
-24.52500E-03,+2.15374E-03
-24.50000E-03,+143.69E-06
-24.47500E-03,+394.94E-06
-24.45000E-03,-5.25047E-03
-24.42500E-03,-5.87861E-03
-24.40000E-03,-5.87861E-03
-24.37500E-03,-1.11259E-03
-24.35000E-03,-6.63238E-03
-24.32500E-03,-1.61511E-03
-24.30000E-03,+1.39997E-03
-24.27500E-03,-4.87359E-03
-24.25000E-03,-3.24827E-03
-24.22500E-03,-1.61511E-03
-24.20000E-03,+1.02308E-03
-24.17500E-03,-2.61228E-03
-24.15000E-03,-2.24325E-03
-24.12500E-03,-2.36102E-03
-24.10000E-03,-1.36385E-03
-24.07500E-03,-4.24545E-03
-24.05000E-03,-4.62233E-03
-24.02500E-03,-4.37107E-03
-24.00000E-03,-6.75801E-03
-23.97500E-03,-4.37107E-03
-23.95000E-03,-3.24042E-03
-23.92500E-03,-1.73288E-03
-23.90000E-03,-2.98916E-03
-23.87500E-03,+2.78188E-03
-23.85000E-03,-2.11762E-03
-23.82500E-03,+2.40499E-03
-23.80000E-03,+18.06E-06
-23.77500E-03,-3.74293E-03
-23.75000E-03,-1.61511E-03
-23.72500E-03,+143.69E-06
-23.70000E-03,-4.49670E-03
-23.67500E-03,-5.37610E-03
-23.65000E-03,-6.12987E-03
-23.62500E-03,-1.98414E-03
-23.60000E-03,-358.83E-06
-23.57500E-03,-358.83E-06
-23.55000E-03,-3.49953E-03
-23.52500E-03,-4.25330E-03
-23.50000E-03,-2.49450E-03
-23.47500E-03,-4.25330E-03
-23.45000E-03,-4.25330E-03
-23.42500E-03,-6.25550E-03
-23.40000E-03,-10.65248E-03
-23.37500E-03,-9.52183E-03
-23.35000E-03,-2.49450E-03
-23.32500E-03,-7.51963E-03
-23.30000E-03,-14.79821E-03
-23.27500E-03,-10.14997E-03
-23.25000E-03,-8.89369E-03
-23.22500E-03,-5.88646E-03
-23.20000E-03,-12.16002E-03
-23.17500E-03,-12.28565E-03
-23.15000E-03,-11.65751E-03
-23.12500E-03,-10.14997E-03
-23.10000E-03,-10.77811E-03
-23.07500E-03,-9.27057E-03
-23.05000E-03,-9.27057E-03
-23.02500E-03,-10.90374E-03
-23.00000E-03,-10.52685E-03
-22.97500E-03,-5.63521E-03
-22.95000E-03,-11.53973E-03
-22.92500E-03,-14.79821E-03
-22.90000E-03,-10.40908E-03
-22.87500E-03,-11.41410E-03
-22.85000E-03,-12.16787E-03
-22.82500E-03,-7.26837E-03
-22.80000E-03,-9.65531E-03
-22.77500E-03,-7.01712E-03
-22.75000E-03,-7.26837E-03
-22.72500E-03,-11.53973E-03
-22.70000E-03,-9.90656E-03
-22.67500E-03,-15.80323E-03
-22.65000E-03,-16.55700E-03
-22.62500E-03,-14.17792E-03
-22.60000E-03,-12.54475E-03
-22.57500E-03,-13.03942E-03
-22.55000E-03,-12.91379E-03
-22.52500E-03,-12.91379E-03
-22.50000E-03,-12.16002E-03
-22.47500E-03,-11.28062E-03
-22.45000E-03,-12.28565E-03
-22.42500E-03,-11.02937E-03
-22.40000E-03,-11.90876E-03
-22.37500E-03,-13.16504E-03
-22.35000E-03,-11.28062E-03
-22.32500E-03,-10.52685E-03
-22.30000E-03,-10.03219E-03
-22.27500E-03,-8.02214E-03
-22.25000E-03,-16.18012E-03
-22.22500E-03,-10.91159E-03
-22.20000E-03,-13.91881E-03
-22.17500E-03,-4.25330E-03
-22.15000E-03,-9.01932E-03
-22.12500E-03,-7.89651E-03
-22.10000E-03,-11.40625E-03
-22.07500E-03,-12.03439E-03
-22.05000E-03,-11.28847E-03
-22.02500E-03,-13.79318E-03
-22.00000E-03,-9.02717E-03
-21.97500E-03,-9.40405E-03
-21.95000E-03,-8.39903E-03
-21.92500E-03,-9.02717E-03
-21.90000E-03,-10.53470E-03
-21.87500E-03,-9.65531E-03
-21.85000E-03,-11.03722E-03
-21.82500E-03,-10.78596E-03
-21.80000E-03,-12.28565E-03
-21.77500E-03,-12.91379E-03
-21.75000E-03,-16.30575E-03
-21.72500E-03,-15.17509E-03
-21.70000E-03,-15.80323E-03
-21.67500E-03,-14.17007E-03
-21.65000E-03,-6.38898E-03
-21.62500E-03,-11.66536E-03
-21.60000E-03,-19.06957E-03
-21.57500E-03,-19.32082E-03
-21.55000E-03,-12.28565E-03
-21.52500E-03,-9.78094E-03
-21.50000E-03,-16.30575E-03
-21.47500E-03,-13.79318E-03
-21.45000E-03,-14.04444E-03
-21.42500E-03,-11.16285E-03
-21.40000E-03,-12.29350E-03
-21.37500E-03,-12.53690E-03
-21.35000E-03,-11.03722E-03
-21.32500E-03,-11.53188E-03
-21.30000E-03,-9.65531E-03
-21.27500E-03,-13.79318E-03
-21.25000E-03,-14.04444E-03
-21.22500E-03,-11.90876E-03
-21.20000E-03,-11.78313E-03
-21.17500E-03,-9.78094E-03
-21.15000E-03,-6.51460E-03
-21.12500E-03,-7.39400E-03
-21.10000E-03,-12.54475E-03
-21.07500E-03,-10.78596E-03
-21.05000E-03,-13.17290E-03
-21.02500E-03,-18.56705E-03
-21.00000E-03,-15.43420E-03
-20.97500E-03,-17.31862E-03
-20.95000E-03,-17.68766E-03
-20.92500E-03,-19.44645E-03
-20.90000E-03,-18.94394E-03
-20.87500E-03,-16.56486E-03
-20.85000E-03,-19.69771E-03
-20.82500E-03,-19.32082E-03
-20.80000E-03,-17.81329E-03
-20.77500E-03,-17.56203E-03
-20.75000E-03,-23.59218E-03
-20.72500E-03,-17.31077E-03
-20.70000E-03,-20.45148E-03
-20.67500E-03,-10.91159E-03
-20.65000E-03,-13.79318E-03
-20.62500E-03,-17.31077E-03
-20.60000E-03,-19.32082E-03
-20.57500E-03,-11.66536E-03
-20.55000E-03,-14.42133E-03
-20.52500E-03,-14.04444E-03
-20.50000E-03,-16.31360E-03
-20.47500E-03,-9.90656E-03
-20.45000E-03,-17.31077E-03
-20.42500E-03,-12.16787E-03
-20.40000E-03,-14.05229E-03
-20.37500E-03,-10.28345E-03
-20.35000E-03,-14.80606E-03
-20.32500E-03,-16.31360E-03
-20.30000E-03,-15.05732E-03
-20.27500E-03,-17.31862E-03
-20.25000E-03,-16.18797E-03
-20.22500E-03,-17.06737E-03
-20.20000E-03,-17.06737E-03
-20.17500E-03,-16.43923E-03
-20.15000E-03,-17.44425E-03
-20.12500E-03,-17.68766E-03
-20.10000E-03,-19.82334E-03
-20.07500E-03,-18.44143E-03
-20.05000E-03,-18.44143E-03
-20.02500E-03,-21.07962E-03
-20.00000E-03,-19.07742E-03
-19.97500E-03,-22.58715E-03
-19.95000E-03,-19.57208E-03
-19.92500E-03,-19.20305E-03
-19.90000E-03,-23.34092E-03
-19.87500E-03,-21.95901E-03
-19.85000E-03,-22.96404E-03
-19.82500E-03,-24.84846E-03
-19.80000E-03,-24.47158E-03
-19.77500E-03,-17.82114E-03
-19.75000E-03,-20.45148E-03
-19.72500E-03,-21.07962E-03
-19.70000E-03,-20.32585E-03
-19.67500E-03,-20.08244E-03
-19.65000E-03,-19.95682E-03
-19.62500E-03,-18.95179E-03
-19.60000E-03,-17.82114E-03
-19.57500E-03,-17.44425E-03
-19.55000E-03,-24.84846E-03
-19.52500E-03,-10.15782E-03
-19.50000E-03,-11.03722E-03
-19.47500E-03,-17.56988E-03
-19.45000E-03,-17.81329E-03
-19.42500E-03,-15.18295E-03
-19.40000E-03,-12.92164E-03
-19.37500E-03,-11.66536E-03
-19.35000E-03,-19.32082E-03
-19.32500E-03,-18.06454E-03
-19.30000E-03,-14.30355E-03
-19.27500E-03,-17.93891E-03
-19.25000E-03,-18.81831E-03
-19.22500E-03,-19.32082E-03
-19.20000E-03,-16.80826E-03
-19.17500E-03,-16.68263E-03
-19.15000E-03,-16.93389E-03
-19.12500E-03,-17.68766E-03
-19.10000E-03,-15.80323E-03
-19.07500E-03,-14.68043E-03
-19.05000E-03,-16.05449E-03
-19.02500E-03,-10.91159E-03
-19.00000E-03,-12.41913E-03
-18.97500E-03,-13.29067E-03
-18.95000E-03,-6.76586E-03
-18.92500E-03,-7.26837E-03
-18.90000E-03,-8.02214E-03
-18.87500E-03,-11.02937E-03
-18.85000E-03,-13.41630E-03
-18.82500E-03,-10.14997E-03
-18.80000E-03,-12.28565E-03
-18.77500E-03,-8.14777E-03
-18.75000E-03,-7.89651E-03
-18.72500E-03,-7.01712E-03
-18.70000E-03,-6.51460E-03
-18.67500E-03,-7.14274E-03
-18.65000E-03,-7.64526E-03
-18.62500E-03,-9.65531E-03
-18.60000E-03,-9.64746E-03
-18.57500E-03,-10.40122E-03
-18.55000E-03,-9.52968E-03
-18.52500E-03,-9.65531E-03
-18.50000E-03,-10.40908E-03
-18.47500E-03,-3.75079E-03
-18.45000E-03,-9.64746E-03
-18.42500E-03,-13.03942E-03
-18.40000E-03,-15.04947E-03
-18.37500E-03,-10.40908E-03
-18.35000E-03,-8.14777E-03
-18.32500E-03,-6.26335E-03
-18.30000E-03,-10.77811E-03
-18.27500E-03,-14.54695E-03
-18.25000E-03,-12.91379E-03
-18.22500E-03,-10.90374E-03
-18.20000E-03,-10.40122E-03
-18.17500E-03,-7.14274E-03
-18.15000E-03,-8.76806E-03
-18.12500E-03,-6.89149E-03
-18.10000E-03,-6.89149E-03
-18.07500E-03,-6.89149E-03
-18.05000E-03,-6.38898E-03
-18.02500E-03,-6.38898E-03
-18.00000E-03,-5.63521E-03
-17.97500E-03,-5.13269E-03
-17.95000E-03,-4.12767E-03
-17.92500E-03,-3.62516E-03
-17.90000E-03,-5.38395E-03
-17.87500E-03,-4.87359E-03
-17.85000E-03,-4.37893E-03
-17.82500E-03,-1.11259E-03
-17.80000E-03,-7.77089E-03
-17.77500E-03,-10.77811E-03
-17.75000E-03,-10.90374E-03
-17.72500E-03,-8.89369E-03
-17.70000E-03,-3.12264E-03
-17.67500E-03,-7.51963E-03
-17.65000E-03,-14.54695E-03
-17.62500E-03,-7.76303E-03
-17.60000E-03,-7.26837E-03
-17.57500E-03,-9.01932E-03
-17.55000E-03,-10.14997E-03
-17.52500E-03,-9.89871E-03
-17.50000E-03,-9.01932E-03
-17.47500E-03,-10.02434E-03
-17.45000E-03,-6.89149E-03
-17.42500E-03,-12.28565E-03
-17.40000E-03,-14.29570E-03
-17.37500E-03,-6.88364E-03
-17.35000E-03,-5.76084E-03
-17.32500E-03,-1.36385E-03
-17.30000E-03,-5.50958E-03
-17.27500E-03,-3.62516E-03
-17.25000E-03,-7.51963E-03
-17.22500E-03,-10.40908E-03
-17.20000E-03,-6.26335E-03
-17.17500E-03,-7.14274E-03
-17.15000E-03,-8.77591E-03
-17.12500E-03,-7.77089E-03
-17.10000E-03,-7.77089E-03
-17.07500E-03,-7.26837E-03
-17.05000E-03,-8.39903E-03
-17.02500E-03,-9.15280E-03
-17.00000E-03,-9.15280E-03
-16.97500E-03,-8.65028E-03
-16.95000E-03,-9.39620E-03
-16.92500E-03,-8.90154E-03
-16.90000E-03,-13.41630E-03
-16.87500E-03,-11.53973E-03
-16.85000E-03,-11.16285E-03
-16.82500E-03,-6.38898E-03
-16.80000E-03,-12.78816E-03
-16.77500E-03,-13.66756E-03
-16.75000E-03,-11.53973E-03
-16.72500E-03,-9.27057E-03
-16.70000E-03,-11.90876E-03
-16.67500E-03,-14.67258E-03
-16.65000E-03,-10.65248E-03
-16.62500E-03,-9.64746E-03
-16.60000E-03,-12.16002E-03
-16.57500E-03,-9.14494E-03
-16.55000E-03,-9.02717E-03
-16.52500E-03,-9.89871E-03
-16.50000E-03,-8.39903E-03
-16.47500E-03,-7.77089E-03
-16.45000E-03,-8.02214E-03
-16.42500E-03,-7.14274E-03
-16.40000E-03,-9.77308E-03
-16.37500E-03,-6.76586E-03
-16.35000E-03,-6.64023E-03
-16.32500E-03,-7.26837E-03
-16.30000E-03,-7.26837E-03
-16.27500E-03,-9.89871E-03
-16.25000E-03,-8.14777E-03
-16.22500E-03,-8.27340E-03
-16.20000E-03,-7.77089E-03
-16.17500E-03,-10.77811E-03
-16.15000E-03,-6.38898E-03
-16.12500E-03,-6.51460E-03
-16.10000E-03,-11.53188E-03
-16.07500E-03,-8.77591E-03
-16.05000E-03,-10.15782E-03
-16.02500E-03,-12.66253E-03
-16.00000E-03,-11.53188E-03
-15.97500E-03,-7.01712E-03
-15.95000E-03,-9.52183E-03
-15.92500E-03,-8.13992E-03
-15.90000E-03,-9.01932E-03
-15.87500E-03,-8.51680E-03
-15.85000E-03,-8.51680E-03
-15.82500E-03,-11.15499E-03
-15.80000E-03,-8.13992E-03
-15.77500E-03,-8.26555E-03
-15.75000E-03,-7.14274E-03
-15.72500E-03,-11.02937E-03
-15.70000E-03,-3.49953E-03
-15.67500E-03,-1.99199E-03
-15.65000E-03,-9.14494E-03
-15.62500E-03,-9.01932E-03
-15.60000E-03,-1.61511E-03
-15.57500E-03,+2.27937E-03
-15.55000E-03,-2.62013E-03
-15.52500E-03,-10.90374E-03
-15.50000E-03,-3.37390E-03
-15.47500E-03,-6.75801E-03
-15.45000E-03,-4.74796E-03
-15.42500E-03,-4.50455E-03
-15.40000E-03,-6.12987E-03
-15.37500E-03,-4.12767E-03
-15.35000E-03,-4.00204E-03
-15.32500E-03,-3.62516E-03
-15.30000E-03,-3.24827E-03
-15.27500E-03,-3.75079E-03
-15.25000E-03,-6.64023E-03
-15.22500E-03,-2.11762E-03
-15.20000E-03,-4.63018E-03
-15.17500E-03,-9.77308E-03
-15.15000E-03,-3.62516E-03
-15.12500E-03,-6.13772E-03
-15.10000E-03,-4.25330E-03
-15.07500E-03,-3.75079E-03
-15.05000E-03,-8.64243E-03
-15.02500E-03,-6.12987E-03
-15.00000E-03,-8.76806E-03
-14.97500E-03,-8.39117E-03
-14.95000E-03,-3.62516E-03
-14.92500E-03,-3.24827E-03
-14.90000E-03,-5.50173E-03
-14.87500E-03,-3.24042E-03
-14.85000E-03,-358.83E-06
-14.82500E-03,-2.98916E-03
-14.80000E-03,+269.32E-06
-14.77500E-03,-986.97E-06
-14.75000E-03,-1.23822E-03
-14.72500E-03,-1.11259E-03
-14.70000E-03,-2.49450E-03
-14.67500E-03,-1.48948E-03
-14.65000E-03,-3.24042E-03
-14.62500E-03,+1.27434E-03
-14.60000E-03,-1.99199E-03
-14.57500E-03,-7.88866E-03
-14.55000E-03,-4.25330E-03
-14.52500E-03,-6.12987E-03
-14.50000E-03,+646.20E-06
-14.47500E-03,-4.11982E-03
-14.45000E-03,-1.99199E-03
-14.42500E-03,-8.13992E-03
-14.40000E-03,-8.64243E-03
-14.37500E-03,-5.88646E-03
-14.35000E-03,-10.27560E-03
-14.32500E-03,-6.50675E-03
-14.30000E-03,-7.26052E-03
-14.27500E-03,-7.76303E-03
-14.25000E-03,-7.26052E-03
-14.22500E-03,-6.63238E-03
-14.20000E-03,-5.12484E-03
-14.17500E-03,-5.12484E-03
-14.15000E-03,-4.37107E-03
-14.12500E-03,-5.37610E-03
-14.10000E-03,-3.75079E-03
-14.07500E-03,-5.87861E-03
-14.05000E-03,-2.24325E-03
-14.02500E-03,-1.23822E-03
-14.00000E-03,+897.46E-06
-13.97500E-03,+1.39997E-03
-13.95000E-03,-7.01712E-03
-13.92500E-03,-8.51680E-03
-13.90000E-03,-6.63238E-03
-13.87500E-03,-233.20E-06
-13.85000E-03,-2.49450E-03
-13.82500E-03,-8.39117E-03
-13.80000E-03,-4.87359E-03
-13.77500E-03,-5.12484E-03
-13.75000E-03,-2.62013E-03
-13.72500E-03,-3.62516E-03
-13.70000E-03,-3.12264E-03
-13.67500E-03,-3.37390E-03
-13.65000E-03,-3.75079E-03
-13.62500E-03,-2.36888E-03
-13.60000E-03,-10.90374E-03
-13.57500E-03,-6.25550E-03
-13.55000E-03,-6.88364E-03
-13.52500E-03,-2.74576E-03
-13.50000E-03,-3.12264E-03
-13.47500E-03,-1.36385E-03
-13.45000E-03,-5.00707E-03
-13.42500E-03,-8.76806E-03
-13.40000E-03,-6.88364E-03
-13.37500E-03,-3.87641E-03
-13.35000E-03,-5.25047E-03
-13.32500E-03,-735.71E-06
-13.30000E-03,+143.69E-06
-13.27500E-03,+151.54E-06
-13.25000E-03,+2.02811E-03
-13.22500E-03,+1.65908E-03
-13.20000E-03,+1.78470E-03
-13.17500E-03,+1.91033E-03
-13.15000E-03,+3.28439E-03
-13.12500E-03,+3.29224E-03
-13.10000E-03,+4.41504E-03
-13.07500E-03,-99.72E-06
-13.05000E-03,+3.28439E-03
-13.02500E-03,+3.41002E-03
-13.00000E-03,+11.57585E-03
-12.97500E-03,+3.54350E-03
-12.95000E-03,+4.17164E-03
-12.92500E-03,+779.68E-06
-12.90000E-03,+10.19394E-03
-12.87500E-03,+1.53345E-03
-12.85000E-03,+2.28722E-03
-12.82500E-03,+528.42E-06
-12.80000E-03,+4.28942E-03
-12.77500E-03,+528.42E-06
-12.75000E-03,+3.78690E-03
-12.72500E-03,+3.66913E-03
-12.70000E-03,+3.29224E-03
-12.67500E-03,+4.67415E-03
-12.65000E-03,+2.78973E-03
-12.62500E-03,+4.17164E-03
-12.60000E-03,+4.29727E-03
-12.57500E-03,+3.41787E-03
-12.55000E-03,+4.29727E-03
-12.52500E-03,+4.92541E-03
-12.50000E-03,+4.54852E-03
-12.47500E-03,+6.05606E-03
-12.45000E-03,+3.92038E-03
-12.42500E-03,+5.67918E-03
-12.40000E-03,+7.68138E-03
-12.37500E-03,+1.15656E-03
-12.35000E-03,+7.68138E-03
-12.32500E-03,+5.92258E-03
-12.30000E-03,-476.60E-06
-12.27500E-03,+5.42007E-03
-12.25000E-03,+5.92258E-03
-12.22500E-03,-1.23037E-03
-12.20000E-03,-979.11E-06
-12.17500E-03,+2.16159E-03
-12.15000E-03,+2.28722E-03
-12.12500E-03,+9.69143E-03
-12.10000E-03,+5.04318E-03
-12.07500E-03,+3.78690E-03
-12.05000E-03,+4.41504E-03
-12.02500E-03,+3.78690E-03
-12.00000E-03,+1.40782E-03
-11.97500E-03,+2.03596E-03
-11.95000E-03,+3.15876E-03
-11.92500E-03,+1.91033E-03
-11.90000E-03,-5.75298E-03
-11.87500E-03,+402.80E-06
-11.85000E-03,+7.43012E-03
-11.82500E-03,+1.91033E-03
-11.80000E-03,-2.86354E-03
-11.77500E-03,+4.66630E-03
-11.75000E-03,+9.81705E-03
-11.72500E-03,+151.54E-06
-11.70000E-03,-2.61228E-03
-11.67500E-03,+1.03094E-03
-11.65000E-03,+5.29444E-03
-11.62500E-03,+3.41787E-03
-11.60000E-03,+3.66913E-03
-11.57500E-03,+5.42007E-03
-11.55000E-03,+3.79475E-03
-11.52500E-03,+4.79978E-03
-11.50000E-03,+9.69143E-03
-11.47500E-03,+7.68138E-03
-11.45000E-03,+2.28722E-03
-11.42500E-03,+4.42290E-03
-11.40000E-03,+7.17886E-03
-11.37500E-03,+5.04318E-03
-11.35000E-03,+9.81705E-03
-11.32500E-03,+7.30449E-03
-11.30000E-03,+7.68138E-03
-11.27500E-03,+15.84720E-03
-11.25000E-03,+11.45022E-03
-11.22500E-03,+9.44017E-03
-11.20000E-03,+6.93546E-03
-11.17500E-03,+1.03094E-03
-11.15000E-03,+5.42007E-03
-11.12500E-03,+3.66913E-03
-11.10000E-03,+9.18891E-03
-11.07500E-03,+4.67415E-03
-11.05000E-03,+4.17164E-03
-11.02500E-03,+5.05104E-03
-11.00000E-03,+5.30229E-03
-10.97500E-03,+4.67415E-03
-10.95000E-03,+6.30732E-03
-10.92500E-03,+7.81486E-03
-10.90000E-03,+6.55857E-03
-10.87500E-03,+7.06109E-03
-10.85000E-03,+10.19394E-03
-10.82500E-03,+9.44017E-03
-10.80000E-03,+9.57365E-03
-10.77500E-03,+9.32239E-03
-10.75000E-03,+9.07114E-03
-10.72500E-03,+7.18671E-03
-10.70000E-03,+14.84218E-03
-10.67500E-03,+14.96781E-03
-10.65000E-03,+13.96278E-03
-10.62500E-03,+9.44802E-03
-10.60000E-03,+6.18169E-03
-10.57500E-03,+10.57082E-03
-10.55000E-03,+9.81705E-03
-10.52500E-03,+10.57082E-03
-10.50000E-03,+10.57082E-03
-10.47500E-03,+7.30449E-03
-10.45000E-03,+11.07334E-03
-10.42500E-03,+10.69645E-03
-10.40000E-03,+7.06109E-03
-10.37500E-03,+8.93766E-03
-10.35000E-03,+9.18891E-03
-10.32500E-03,+7.18671E-03
-10.30000E-03,+6.05606E-03
-10.27500E-03,+8.18389E-03
-10.25000E-03,+5.93043E-03
-10.22500E-03,+5.93043E-03
-10.20000E-03,+9.19676E-03
-10.17500E-03,+12.45524E-03
-10.15000E-03,+12.32962E-03
-10.12500E-03,+4.04601E-03
-10.10000E-03,+3.16661E-03
-10.07500E-03,+8.69425E-03
-10.05000E-03,+10.94771E-03
-10.02500E-03,+12.70650E-03
-10.00000E-03,+7.06109E-03
-9.97500E-03,+10.95556E-03
-9.95000E-03,+9.19676E-03
-9.92500E-03,+10.45305E-03
-9.90000E-03,+11.83496E-03
-9.87500E-03,+12.70650E-03
-9.85000E-03,+13.71153E-03
-9.82500E-03,+13.58590E-03
-9.80000E-03,+14.84218E-03
-9.77500E-03,+15.34469E-03
-9.75000E-03,+10.95556E-03
-9.72500E-03,+9.57365E-03
-9.70000E-03,+16.60097E-03
-9.67500E-03,+17.22911E-03
-9.65000E-03,+17.73163E-03
-9.62500E-03,+12.32962E-03
-9.60000E-03,+13.96278E-03
-9.57500E-03,+10.69645E-03
-9.55000E-03,+7.06109E-03
-9.52500E-03,+11.07334E-03
-9.50000E-03,+5.30229E-03
-9.47500E-03,+10.19394E-03
-9.45000E-03,+8.69425E-03
-9.42500E-03,+9.81705E-03
-9.40000E-03,+10.19394E-03
-9.37500E-03,+6.30732E-03
-9.35000E-03,+6.93546E-03
-9.32500E-03,+6.68420E-03
-9.30000E-03,+5.30229E-03
-9.27500E-03,-979.11E-06
-9.25000E-03,+2.78973E-03
-9.22500E-03,+402.80E-06
-9.20000E-03,+3.41787E-03
-9.17500E-03,+7.43012E-03
-9.15000E-03,+9.18891E-03
-9.12500E-03,+4.67415E-03
-9.10000E-03,+4.54067E-03
-9.07500E-03,+9.56580E-03
-9.05000E-03,+9.94268E-03
-9.02500E-03,+7.68138E-03
-9.00000E-03,+9.18891E-03
-8.97500E-03,+8.56077E-03
-8.95000E-03,+9.31454E-03
-8.92500E-03,+4.41504E-03
-8.90000E-03,+9.44017E-03
-8.87500E-03,+3.29224E-03
-8.85000E-03,+4.41504E-03
-8.82500E-03,+4.42290E-03
-8.80000E-03,+4.41504E-03
-8.77500E-03,+2.66410E-03
-8.75000E-03,+2.66410E-03
-8.72500E-03,+2.91536E-03
-8.70000E-03,+4.03816E-03
-8.67500E-03,+4.28942E-03
-8.65000E-03,+2.65625E-03
-8.62500E-03,+1.78470E-03
-8.60000E-03,+1.40782E-03
-8.57500E-03,+1.28219E-03
-8.55000E-03,+2.02811E-03
-8.52500E-03,+143.69E-06
-8.50000E-03,-4.62233E-03
-8.47500E-03,-2.86354E-03
-8.45000E-03,-735.71E-06
-8.42500E-03,-4.37107E-03
-8.40000E-03,-3.74293E-03
-8.37500E-03,-3.61731E-03
-8.35000E-03,-2.61228E-03
-8.32500E-03,-1.85851E-03
-8.30000E-03,+5.79695E-03
-8.27500E-03,+2.53062E-03
-8.25000E-03,+2.90751E-03
-8.22500E-03,+4.66630E-03
-8.20000E-03,+6.17384E-03
-8.17500E-03,+4.66630E-03
-8.15000E-03,+3.91253E-03
-8.12500E-03,+3.28439E-03
-8.10000E-03,+4.54067E-03
-8.07500E-03,-4.49670E-03
-8.05000E-03,+3.66913E-03
-8.02500E-03,+9.18891E-03
-8.00000E-03,+897.46E-06
-7.97500E-03,-4.62233E-03
-7.95000E-03,-2.10977E-03
-7.92500E-03,+3.91253E-03
-7.90000E-03,+6.29947E-03
-7.87500E-03,-1.36385E-03
-7.85000E-03,+3.41002E-03
-7.82500E-03,+1.27434E-03
-7.80000E-03,+771.83E-06
-7.77500E-03,-1.60726E-03
-7.75000E-03,-853.49E-06
-7.72500E-03,-1.98414E-03
-7.70000E-03,-1.73288E-03
-7.67500E-03,-1.35600E-03
-7.65000E-03,-6.38112E-03
-7.62500E-03,-3.24042E-03
-7.60000E-03,-735.71E-06
-7.57500E-03,-4.62233E-03
-7.55000E-03,+3.91253E-03
-7.52500E-03,+1.52560E-03
-7.50000E-03,+1.02308E-03
-7.47500E-03,+6.29947E-03
-7.45000E-03,+7.80700E-03
-7.42500E-03,+8.30952E-03
-7.40000E-03,+6.92761E-03
-7.37500E-03,+2.65625E-03
-7.35000E-03,+2.66410E-03
-7.32500E-03,+1.40782E-03
-7.30000E-03,+2.65625E-03
-7.27500E-03,+4.54067E-03
-7.25000E-03,+1.53345E-03
-7.22500E-03,+3.66128E-03
-7.20000E-03,+2.53847E-03
-7.17500E-03,+1.65908E-03
-7.15000E-03,+1.28219E-03
-7.12500E-03,+2.40499E-03
-7.10000E-03,+3.78690E-03
-7.07500E-03,+4.41504E-03
-7.05000E-03,+4.16379E-03
-7.02500E-03,+4.41504E-03
-7.00000E-03,+2.53847E-03
-6.97500E-03,+7.93263E-03
-6.95000E-03,+6.17384E-03
-6.92500E-03,-1.10474E-03
-6.90000E-03,-853.49E-06
-6.87500E-03,+1.03094E-03
-6.85000E-03,+3.54350E-03
-6.82500E-03,+4.03816E-03
-6.80000E-03,-602.23E-06
-6.77500E-03,+402.80E-06
-6.75000E-03,+151.54E-06
-6.72500E-03,+905.31E-06
-6.70000E-03,+2.65625E-03
-6.67500E-03,+2.03596E-03
-6.65000E-03,+3.79475E-03
-6.62500E-03,+4.66630E-03
-6.60000E-03,+3.78690E-03
-6.57500E-03,+3.78690E-03
-6.55000E-03,+2.90751E-03
-6.52500E-03,+3.41002E-03
-6.50000E-03,+2.02811E-03
-6.47500E-03,+4.28942E-03
-6.45000E-03,+3.15876E-03
-6.42500E-03,+2.02811E-03
-6.40000E-03,+654.05E-06
-6.37500E-03,+4.91756E-03
-6.35000E-03,+5.29444E-03
-6.32500E-03,+5.04318E-03
-6.30000E-03,+2.27937E-03
-6.27500E-03,-1.48163E-03
-6.25000E-03,-2.73791E-03
-6.22500E-03,+1.65908E-03
-6.20000E-03,+4.41504E-03
-6.17500E-03,-3.11479E-03
-6.15000E-03,-1.60726E-03
-6.12500E-03,-2.98916E-03
-6.10000E-03,-1.35600E-03
-6.07500E-03,+151.54E-06
-6.05000E-03,-99.72E-06
-6.02500E-03,-2.36102E-03
-6.00000E-03,-225.35E-06
-5.97500E-03,-225.35E-06
-5.95000E-03,+654.05E-06
-5.92500E-03,-4.87359E-03
-5.90000E-03,+1.65908E-03
-5.87500E-03,+4.66630E-03
-5.85000E-03,+8.56077E-03
-5.82500E-03,+4.41504E-03
-5.80000E-03,+4.03816E-03
-5.77500E-03,+771.83E-06
-5.75000E-03,-1.23822E-03
-5.72500E-03,+1.27434E-03
-5.70000E-03,-610.08E-06
-5.67500E-03,-5.62736E-03
-5.65000E-03,-1.48948E-03
-5.62500E-03,-107.57E-06
-5.60000E-03,-233.20E-06
-5.57500E-03,+1.65122E-03
-5.55000E-03,-2.36888E-03
-5.52500E-03,-107.57E-06
-5.50000E-03,+771.83E-06
-5.47500E-03,+394.94E-06
-5.45000E-03,-2.24325E-03
-5.42500E-03,-3.24042E-03
-5.40000E-03,-7.38615E-03
-5.37500E-03,-4.37893E-03
-5.35000E-03,-5.12484E-03
-5.32500E-03,+1.02308E-03
-5.30000E-03,-9.77308E-03
-5.27500E-03,-7.51178E-03
-5.25000E-03,-7.63741E-03
-5.22500E-03,-1.11259E-03
-5.20000E-03,-6.38112E-03
-5.17500E-03,-4.11982E-03
-5.15000E-03,-107.57E-06
-5.12500E-03,-2.48665E-03
-5.10000E-03,-2.73791E-03
-5.07500E-03,-358.83E-06
-5.05000E-03,-1.61511E-03
-5.02500E-03,-107.57E-06
-5.00000E-03,-735.71E-06
-4.97500E-03,-1.48163E-03
-4.95000E-03,-727.86E-06
-4.92500E-03,-1.60726E-03
-4.90000E-03,+520.57E-06
-4.87500E-03,+4.03816E-03
-4.85000E-03,-735.71E-06
-4.82500E-03,-1.61511E-03
-4.80000E-03,-1.48948E-03
-4.77500E-03,+646.20E-06
-4.75000E-03,-2.24325E-03
-4.72500E-03,+143.69E-06
-4.70000E-03,-7.26052E-03
-4.67500E-03,-6.25550E-03
-4.65000E-03,-4.25330E-03
-4.62500E-03,-9.01932E-03
-4.60000E-03,-6.75801E-03
-4.57500E-03,-8.13992E-03
-4.55000E-03,-11.78313E-03
-4.52500E-03,-10.90374E-03
-4.50000E-03,-6.38112E-03
-4.47500E-03,-4.87359E-03
-4.45000E-03,-7.26052E-03
-4.42500E-03,-5.12484E-03
-4.40000E-03,-1.48948E-03
-4.37500E-03,-1.36385E-03
-4.35000E-03,-1.23822E-03
-4.32500E-03,+269.32E-06
-4.30000E-03,-2.36102E-03
-4.27500E-03,+5.29444E-03
-4.25000E-03,-2.86354E-03
-4.22500E-03,-3.36605E-03
-4.20000E-03,+3.28439E-03
-4.17500E-03,-2.73791E-03
-4.15000E-03,-6.12987E-03
-4.12500E-03,+1.78470E-03
-4.10000E-03,+4.03816E-03
-4.07500E-03,+4.54067E-03
-4.05000E-03,-2.36102E-03
-4.02500E-03,+1.02308E-03
-4.00000E-03,+1.90248E-03
-3.97500E-03,+394.94E-06
-3.95000E-03,-1.11259E-03
-3.92500E-03,-1.86636E-03
-3.90000E-03,-735.71E-06
-3.87500E-03,-4.87359E-03
-3.85000E-03,-3.86856E-03
-3.82500E-03,-1.74073E-03
-3.80000E-03,-4.99921E-03
-3.77500E-03,-8.76806E-03
-3.75000E-03,-4.99921E-03
-3.72500E-03,-4.00204E-03
-3.70000E-03,-10.02434E-03
-3.67500E-03,-2.24325E-03
-3.65000E-03,-1.23822E-03
-3.62500E-03,-2.24325E-03
-3.60000E-03,+3.41002E-03
-3.57500E-03,-861.34E-06
-3.55000E-03,+897.46E-06
-3.52500E-03,-3.49168E-03
-3.50000E-03,-6.63238E-03
-3.47500E-03,-5.50173E-03
-3.45000E-03,-4.74796E-03
-3.42500E-03,-5.25047E-03
-3.40000E-03,-1.48948E-03
-3.37500E-03,-3.24827E-03
-3.35000E-03,-4.87359E-03
-3.32500E-03,-3.12264E-03
-3.30000E-03,-3.37390E-03
-3.27500E-03,-1.99199E-03
-3.25000E-03,-986.97E-06
-3.22500E-03,-2.36888E-03
-3.20000E-03,-4.63018E-03
-3.17500E-03,-4.12767E-03
-3.15000E-03,-5.88646E-03
-3.12500E-03,-4.00204E-03
-3.10000E-03,-12.91379E-03
-3.07500E-03,-12.92164E-03
-3.05000E-03,-15.42635E-03
-3.02500E-03,-9.15280E-03
-3.00000E-03,-12.92164E-03
-2.97500E-03,-11.16285E-03
-2.95000E-03,-16.68263E-03
-2.92500E-03,-20.32585E-03
-2.90000E-03,-15.80323E-03
-2.87500E-03,-18.56705E-03
-2.85000E-03,-14.92384E-03
-2.82500E-03,-13.79318E-03
-2.80000E-03,-15.80323E-03
-2.77500E-03,-15.80323E-03
-2.75000E-03,-13.54193E-03
-2.72500E-03,-13.41630E-03
-2.70000E-03,-11.53188E-03
-2.67500E-03,-11.78313E-03
-2.65000E-03,-12.66253E-03
-2.62500E-03,-11.02937E-03
-2.60000E-03,-12.91379E-03
-2.57500E-03,-10.52685E-03
-2.55000E-03,-11.02937E-03
-2.52500E-03,-4.50455E-03
-2.50000E-03,-2.11762E-03
-2.47500E-03,-6.64023E-03
-2.45000E-03,-13.29067E-03
-2.42500E-03,-14.17007E-03
-2.40000E-03,-5.38395E-03
-2.37500E-03,-3.75079E-03
-2.35000E-03,-9.65531E-03
-2.32500E-03,-9.52968E-03
-2.30000E-03,-10.91159E-03
-2.27500E-03,-10.15782E-03
-2.25000E-03,-11.79099E-03
-2.22500E-03,-13.03942E-03
-2.20000E-03,-14.04444E-03
-2.17500E-03,-13.79318E-03
-2.15000E-03,-13.42415E-03
-2.12500E-03,-17.05952E-03
-2.10000E-03,-17.05952E-03
-2.07500E-03,-14.67258E-03
-2.05000E-03,-12.41128E-03
-2.02500E-03,-9.90656E-03
-2.00000E-03,-6.38898E-03
-1.97500E-03,-8.65028E-03
-1.95000E-03,-13.03942E-03
-1.92500E-03,-9.90656E-03
-1.90000E-03,-14.67258E-03
-1.87500E-03,-11.02937E-03
-1.85000E-03,-10.40122E-03
-1.82500E-03,-10.03219E-03
-1.80000E-03,-10.52685E-03
-1.77500E-03,-8.39903E-03
-1.75000E-03,-9.90656E-03
-1.72500E-03,-8.65028E-03
-1.70000E-03,-7.77089E-03
-1.67500E-03,-3.12264E-03
-1.65000E-03,-7.26837E-03
-1.62500E-03,-6.89149E-03
-1.60000E-03,-13.91881E-03
-1.57500E-03,-11.65751E-03
-1.55000E-03,-15.80323E-03
-1.52500E-03,-7.14274E-03
-1.50000E-03,-7.51963E-03
-1.47500E-03,-10.65248E-03
-1.45000E-03,-14.17007E-03
-1.42500E-03,-11.66536E-03
-1.40000E-03,-10.15782E-03
-1.37500E-03,-12.66253E-03
-1.35000E-03,-16.18012E-03
-1.32500E-03,-10.28345E-03
-1.30000E-03,-18.81831E-03
-1.27500E-03,-16.93389E-03
-1.25000E-03,-18.31580E-03
-1.22500E-03,-14.30355E-03
-1.20000E-03,-16.55700E-03
-1.17500E-03,-16.55700E-03
-1.15000E-03,-16.80826E-03
-1.12500E-03,-16.93389E-03
-1.10000E-03,-15.17509E-03
-1.07500E-03,-15.67761E-03
-1.05000E-03,-15.92886E-03
-1.02500E-03,-17.43640E-03
-1.00000E-03,-16.18012E-03
-975.00E-06,-13.54978E-03
-950.00E-06,-16.55700E-03
-925.00E-06,-16.43138E-03
-900.00E-06,-12.54475E-03
-875.00E-06,-13.67541E-03
-850.00E-06,-10.53470E-03
-825.00E-06,-15.30857E-03
-800.00E-06,-12.41913E-03
-775.00E-06,-13.92666E-03
-750.00E-06,-19.19519E-03
-725.00E-06,-16.18012E-03
-700.00E-06,-14.68043E-03
-675.00E-06,-16.30575E-03
-650.00E-06,-19.69771E-03
-625.00E-06,-11.66536E-03
-600.00E-06,-16.18012E-03
-575.00E-06,-16.68263E-03
-550.00E-06,-17.31077E-03
-525.00E-06,-18.56705E-03
-500.00E-06,-16.94174E-03
-475.00E-06,-19.44645E-03
-450.00E-06,-19.44645E-03
-425.00E-06,-19.57208E-03
-400.00E-06,-27.98916E-03
-375.00E-06,-12.16787E-03
-350.00E-06,-14.55481E-03
-325.00E-06,-23.71781E-03
-300.00E-06,-19.06957E-03
-275.00E-06,-14.80606E-03
-250.00E-06,-15.05732E-03
-225.00E-06,-17.93891E-03
-200.00E-06,-19.44645E-03
-175.00E-06,-19.69771E-03
-150.00E-06,-14.93169E-03
-125.00E-06,-15.43420E-03
-100.00E-06,-16.43138E-03
-75.00E-06,-14.30355E-03
-50.00E-06,-14.17792E-03
-25.00E-06,-14.05229E-03
+0.0E+00,-14.17792E-03
+25.00E-06,-16.06234E-03
+50.00E-06,-20.57710E-03
+75.00E-06,-15.81109E-03
+100.00E-06,-20.07459E-03
+125.00E-06,-17.94676E-03
+150.00E-06,-17.31862E-03
+175.00E-06,-20.20807E-03
+200.00E-06,-15.18295E-03
+225.00E-06,-15.05732E-03
+250.00E-06,-16.18797E-03
+275.00E-06,-18.95179E-03
+300.00E-06,-24.22032E-03
+325.00E-06,-20.95399E-03
+350.00E-06,-23.21530E-03
+375.00E-06,-18.19802E-03
+400.00E-06,-17.19300E-03
+425.00E-06,-22.33590E-03
+450.00E-06,-21.70776E-03
+475.00E-06,-19.69771E-03
+500.00E-06,-19.32082E-03
+525.00E-06,-20.45148E-03
+550.00E-06,-18.81831E-03
+575.00E-06,-17.68766E-03
+600.00E-06,-18.56705E-03
+625.00E-06,-17.56203E-03
+650.00E-06,-16.55700E-03
+675.00E-06,-16.43138E-03
+700.00E-06,-16.06234E-03
+725.00E-06,-15.92886E-03
+750.00E-06,-17.68766E-03
+775.00E-06,-15.93671E-03
+800.00E-06,-12.04224E-03
+825.00E-06,-10.91159E-03
+850.00E-06,-12.67038E-03
+875.00E-06,-16.93389E-03
+900.00E-06,-13.91881E-03
+925.00E-06,-16.05449E-03
+950.00E-06,-13.17290E-03
+975.00E-06,-10.91159E-03
+1.00000E-03,-11.28847E-03
+1.02500E-03,-11.28062E-03
+1.05000E-03,-11.41410E-03
+1.07500E-03,-9.27842E-03
+1.10000E-03,-11.40625E-03
+1.12500E-03,-11.15499E-03
+1.15000E-03,-11.65751E-03
+1.17500E-03,-13.29067E-03
+1.20000E-03,-12.78816E-03
+1.22500E-03,-13.41630E-03
+1.25000E-03,-15.04947E-03
+1.27500E-03,-10.14997E-03
+1.30000E-03,-10.03219E-03
+1.32500E-03,-6.89149E-03
+1.35000E-03,-10.28345E-03
+1.37500E-03,-14.29570E-03
+1.40000E-03,-17.56203E-03
+1.42500E-03,-11.78313E-03
+1.45000E-03,-4.12767E-03
+1.47500E-03,-9.65531E-03
+1.50000E-03,-14.04444E-03
+1.52500E-03,-10.90374E-03
+1.55000E-03,-8.02214E-03
+1.57500E-03,-8.90154E-03
+1.60000E-03,-6.26335E-03
+1.62500E-03,-9.39620E-03
+1.65000E-03,-10.02434E-03
+1.67500E-03,-9.64746E-03
+1.70000E-03,-8.26555E-03
+1.72500E-03,-12.66253E-03
+1.75000E-03,-10.77811E-03
+1.77500E-03,-2.36888E-03
+1.80000E-03,-4.50455E-03
+1.82500E-03,-1.11259E-03
+1.85000E-03,-4.75581E-03
+1.87500E-03,-1.74073E-03
+1.90000E-03,-4.75581E-03
+1.92500E-03,-9.40405E-03
+1.95000E-03,-8.02214E-03
+1.97500E-03,-8.39903E-03
+2.00000E-03,-9.27057E-03
+2.02500E-03,-12.66253E-03
+2.05000E-03,-11.15499E-03
+2.07500E-03,-13.03942E-03
+2.10000E-03,-10.65248E-03
+2.12500E-03,-11.65751E-03
+2.15000E-03,-11.53188E-03
+2.17500E-03,-11.15499E-03
+2.20000E-03,-8.13992E-03
+2.22500E-03,-9.89871E-03
+2.25000E-03,-11.53188E-03
+2.27500E-03,-8.14777E-03
+2.30000E-03,-5.38395E-03
+2.32500E-03,-2.62013E-03
+2.35000E-03,-7.51178E-03
+2.37500E-03,-8.26555E-03
+2.40000E-03,-6.89149E-03
+2.42500E-03,-2.49450E-03
+2.45000E-03,-7.88866E-03
+2.47500E-03,-9.89871E-03
+2.50000E-03,-5.25832E-03
+2.52500E-03,-5.87861E-03
+2.55000E-03,-6.64023E-03
+2.57500E-03,-4.12767E-03
+2.60000E-03,-5.13269E-03
+2.62500E-03,-6.13772E-03
+2.65000E-03,-9.14494E-03
+2.67500E-03,-8.14777E-03
+2.70000E-03,-8.52465E-03
+2.72500E-03,-7.14274E-03
+2.75000E-03,-9.77308E-03
+2.77500E-03,-9.15280E-03
+2.80000E-03,-10.14997E-03
+2.82500E-03,-11.28062E-03
+2.85000E-03,-10.02434E-03
+2.87500E-03,-11.90876E-03
+2.90000E-03,-11.65751E-03
+2.92500E-03,-11.78313E-03
+2.95000E-03,-10.52685E-03
+2.97500E-03,-12.53690E-03
+3.00000E-03,-9.40405E-03
+3.02500E-03,-9.02717E-03
+3.05000E-03,-11.28847E-03
+3.07500E-03,-9.02717E-03
+3.10000E-03,-10.15782E-03
+3.12500E-03,-13.79318E-03
+3.15000E-03,-13.66756E-03
+3.17500E-03,-11.02937E-03
+3.20000E-03,-10.52685E-03
+3.22500E-03,-11.53188E-03
+3.25000E-03,-10.65248E-03
+3.27500E-03,-10.77811E-03
+3.30000E-03,-9.15280E-03
+3.32500E-03,-9.90656E-03
+3.35000E-03,-9.15280E-03
+3.37500E-03,-8.52465E-03
+3.40000E-03,-2.99702E-03
+3.42500E-03,-10.40122E-03
+3.45000E-03,-8.65028E-03
+3.47500E-03,-2.87139E-03
+3.50000E-03,-12.16002E-03
+3.52500E-03,-15.80323E-03
+3.55000E-03,-7.51963E-03
+3.57500E-03,-5.50958E-03
+3.60000E-03,-9.40405E-03
+3.62500E-03,-14.04444E-03
+3.65000E-03,-9.40405E-03
+3.67500E-03,-11.28062E-03
+3.70000E-03,-10.52685E-03
+3.72500E-03,-11.40625E-03
+3.75000E-03,-10.77811E-03
+3.77500E-03,-8.51680E-03
+3.80000E-03,-8.89369E-03
+3.82500E-03,-8.76806E-03
+3.85000E-03,-8.13992E-03
+3.87500E-03,-8.65028E-03
+3.90000E-03,-9.64746E-03
+3.92500E-03,-2.62013E-03
+3.95000E-03,-4.50455E-03
+3.97500E-03,-7.63741E-03
+4.00000E-03,-1.48948E-03
+4.02500E-03,-3.75079E-03
+4.05000E-03,-1.99199E-03
+4.07500E-03,-3.37390E-03
+4.10000E-03,-9.64746E-03
+4.12500E-03,-6.38112E-03
+4.15000E-03,-10.52685E-03
+4.17500E-03,-6.89149E-03
+4.20000E-03,-8.51680E-03
+4.22500E-03,-4.88144E-03
+4.25000E-03,-5.38395E-03
+4.27500E-03,-4.88144E-03
+4.30000E-03,-4.88144E-03
+4.32500E-03,-4.50455E-03
+4.35000E-03,-5.76084E-03
+4.37500E-03,-6.51460E-03
+4.40000E-03,-7.38615E-03
+4.42500E-03,-5.88646E-03
+4.45000E-03,-6.38898E-03
+4.47500E-03,-7.76303E-03
+4.50000E-03,-6.63238E-03
+4.52500E-03,-1.36385E-03
+4.55000E-03,-8.76806E-03
+4.57500E-03,-10.14997E-03
+4.60000E-03,-5.50958E-03
+4.62500E-03,-4.49670E-03
+4.65000E-03,-2.11762E-03
+4.67500E-03,-7.76303E-03
+4.70000E-03,-5.50173E-03
+4.72500E-03,-6.88364E-03
+4.75000E-03,-8.64243E-03
+4.77500E-03,-4.63018E-03
+4.80000E-03,-7.51178E-03
+4.82500E-03,-610.08E-06
+4.85000E-03,-4.74796E-03
+4.87500E-03,-5.37610E-03
+4.90000E-03,-2.99702E-03
+4.92500E-03,-2.99702E-03
+4.95000E-03,-3.87641E-03
+4.97500E-03,-3.49953E-03
+5.00000E-03,-2.11762E-03
+5.02500E-03,-107.57E-06
+5.05000E-03,+269.32E-06
+5.07500E-03,-2.24325E-03
+5.10000E-03,-7.38615E-03
+5.12500E-03,-4.24545E-03
+5.15000E-03,+1.77685E-03
+5.17500E-03,+3.41002E-03
+5.20000E-03,-3.49953E-03
+5.22500E-03,-11.65751E-03
+5.25000E-03,-11.78313E-03
+5.27500E-03,-4.11982E-03
+5.30000E-03,-735.71E-06
+5.32500E-03,-10.14997E-03
+5.35000E-03,-5.75298E-03
+5.37500E-03,-6.38112E-03
+5.40000E-03,-5.62736E-03
+5.42500E-03,-6.38112E-03
+5.45000E-03,-5.62736E-03
+5.47500E-03,-2.74576E-03
+5.50000E-03,-4.74796E-03
+5.52500E-03,-986.97E-06
+5.55000E-03,-6.12987E-03
+5.57500E-03,-6.12987E-03
+5.60000E-03,-5.50173E-03
+5.62500E-03,-3.99419E-03
+5.65000E-03,+1.27434E-03
+5.67500E-03,+2.78188E-03
+5.70000E-03,+2.02811E-03
+5.72500E-03,-2.87139E-03
+5.75000E-03,+897.46E-06
+5.77500E-03,-1.11259E-03
+5.80000E-03,-3.24827E-03
+5.82500E-03,-3.87641E-03
+5.85000E-03,-5.00707E-03
+5.87500E-03,-4.75581E-03
+5.90000E-03,-4.25330E-03
+5.92500E-03,-4.12767E-03
+5.95000E-03,-5.13269E-03
+5.97500E-03,-6.51460E-03
+6.00000E-03,-7.00927E-03
+6.02500E-03,-5.38395E-03
+6.05000E-03,-7.88866E-03
+6.07500E-03,-9.64746E-03
+6.10000E-03,-5.38395E-03
+6.12500E-03,-9.01932E-03
+6.15000E-03,-3.87641E-03
+6.17500E-03,-11.28062E-03
+6.20000E-03,-7.38615E-03
+6.22500E-03,-8.39117E-03
+6.25000E-03,-358.83E-06
+6.27500E-03,-8.13992E-03
+6.30000E-03,-4.12767E-03
+6.32500E-03,-3.74293E-03
+6.35000E-03,-4.11982E-03
+6.37500E-03,-6.38112E-03
+6.40000E-03,-1.74073E-03
+6.42500E-03,-1.74073E-03
+6.45000E-03,-5.87861E-03
+6.47500E-03,-4.87359E-03
+6.50000E-03,-2.36888E-03
+6.52500E-03,-107.57E-06
+6.55000E-03,+520.57E-06
+6.57500E-03,+394.94E-06
+6.60000E-03,-233.20E-06
+6.62500E-03,-107.57E-06
+6.65000E-03,+897.46E-06
+6.67500E-03,+143.69E-06
+6.70000E-03,-735.71E-06
+6.72500E-03,-1.48948E-03
+6.75000E-03,-2.86354E-03
+6.77500E-03,-4.87359E-03
+6.80000E-03,-484.45E-06
+6.82500E-03,-1.74073E-03
+6.85000E-03,-1.23822E-03
+6.87500E-03,+2.78188E-03
+6.90000E-03,+394.94E-06
+6.92500E-03,-2.98916E-03
+6.95000E-03,-1.73288E-03
+6.97500E-03,-2.10977E-03
+7.00000E-03,-2.61228E-03
+7.02500E-03,+3.41002E-03
+7.05000E-03,+905.31E-06
+7.07500E-03,+1.78470E-03
+7.10000E-03,+2.16159E-03
+7.12500E-03,+3.66913E-03
+7.15000E-03,+6.55072E-03
+7.17500E-03,+6.67635E-03
+7.20000E-03,+7.30449E-03
+7.22500E-03,+11.95273E-03
+7.25000E-03,+402.80E-06
+7.27500E-03,+1.40782E-03
+7.30000E-03,+13.83715E-03
+7.32500E-03,+9.56580E-03
+7.35000E-03,+2.53847E-03
+7.37500E-03,+5.93043E-03
+7.40000E-03,+8.68640E-03
+7.42500E-03,+9.06329E-03
+7.45000E-03,+7.30449E-03
+7.47500E-03,+4.29727E-03
+7.50000E-03,+5.29444E-03
+7.52500E-03,+4.41504E-03
+7.55000E-03,+4.16379E-03
+7.57500E-03,+3.91253E-03
+7.60000E-03,+2.15374E-03
+7.62500E-03,+779.68E-06
+7.65000E-03,+1.15656E-03
+7.67500E-03,+3.15876E-03
+7.70000E-03,-1.98414E-03
+7.72500E-03,+1.90248E-03
+7.75000E-03,+2.78188E-03
+7.77500E-03,+2.41285E-03
+7.80000E-03,+5.54570E-03
+7.82500E-03,+3.15876E-03
+7.85000E-03,+5.42007E-03
+7.87500E-03,+7.43012E-03
+7.90000E-03,+3.92038E-03
+7.92500E-03,+7.06109E-03
+7.95000E-03,+1.28219E-03
+7.97500E-03,-350.97E-06
+8.00000E-03,+5.04318E-03
+8.02500E-03,+4.42290E-03
+8.05000E-03,+7.17886E-03
+8.07500E-03,+5.55355E-03
+8.10000E-03,+5.42792E-03
+8.12500E-03,+6.67635E-03
+8.15000E-03,+6.55072E-03
+8.17500E-03,+5.92258E-03
+8.20000E-03,+8.30952E-03
+8.22500E-03,+3.91253E-03
+8.25000E-03,+1.53345E-03
+8.27500E-03,+4.16379E-03
+8.30000E-03,+5.29444E-03
+8.32500E-03,+1.40782E-03
+8.35000E-03,+8.30952E-03
+8.37500E-03,-99.72E-06
+8.40000E-03,+3.91253E-03
+8.42500E-03,+1.15656E-03
+8.45000E-03,+7.93263E-03
+8.47500E-03,+4.29727E-03
+8.50000E-03,+4.42290E-03
+8.52500E-03,+779.68E-06
+8.55000E-03,-476.60E-06
+8.57500E-03,+2.03596E-03
+8.60000E-03,-727.86E-06
+8.62500E-03,+4.29727E-03
+8.65000E-03,+2.66410E-03
+8.67500E-03,+4.67415E-03
+8.70000E-03,+5.67918E-03
+8.72500E-03,+4.67415E-03
+8.75000E-03,+3.29224E-03
+8.77500E-03,+5.67918E-03
+8.80000E-03,+4.79978E-03
+8.82500E-03,+4.42290E-03
+8.85000E-03,+6.92761E-03
+8.87500E-03,+7.30449E-03
+8.90000E-03,+7.18671E-03
+8.92500E-03,+2.91536E-03
+8.95000E-03,+10.69645E-03
+8.97500E-03,+12.07836E-03
+9.00000E-03,+14.46530E-03
+9.02500E-03,+8.93766E-03
+9.05000E-03,+6.80983E-03
+9.07500E-03,+6.18169E-03
+9.10000E-03,+10.57082E-03
+9.12500E-03,+16.60097E-03
+9.15000E-03,+7.81486E-03
+9.17500E-03,+7.94048E-03
+9.20000E-03,+8.56862E-03
+9.22500E-03,+8.93766E-03
+9.25000E-03,+11.57585E-03
+9.27500E-03,+10.44519E-03
+9.30000E-03,+6.05606E-03
+9.32500E-03,+6.55857E-03
+9.35000E-03,+7.18671E-03
+9.37500E-03,+1.53345E-03
+9.40000E-03,+2.66410E-03
+9.42500E-03,+402.80E-06
+9.45000E-03,+8.06611E-03
+9.47500E-03,+9.31454E-03
+9.50000E-03,+11.19896E-03
+9.52500E-03,+10.57082E-03
+9.55000E-03,+11.57585E-03
+9.57500E-03,+8.68640E-03
+9.60000E-03,+7.55575E-03
+9.62500E-03,+9.56580E-03
+9.65000E-03,+7.06109E-03
+9.67500E-03,+9.32239E-03
+9.70000E-03,+12.20399E-03
+9.72500E-03,+10.20179E-03
+9.75000E-03,+13.20901E-03
+9.77500E-03,+12.20399E-03
+9.80000E-03,+13.46027E-03
+9.82500E-03,+12.58087E-03
+9.85000E-03,+13.08339E-03
+9.87500E-03,+7.06109E-03
+9.90000E-03,+10.45305E-03
+9.92500E-03,+8.31737E-03
+9.95000E-03,+13.46027E-03
+9.97500E-03,+15.84720E-03
+10.00000E-03,+13.20901E-03
+10.02500E-03,+8.94551E-03
+10.05000E-03,+12.45524E-03
+10.07500E-03,+12.07836E-03
+10.10000E-03,+9.95053E-03
+10.12500E-03,+6.05606E-03
+10.15000E-03,+12.32962E-03
+10.17500E-03,+7.81486E-03
+10.20000E-03,+8.06611E-03
+10.22500E-03,+7.68923E-03
+10.25000E-03,+12.70650E-03
+10.27500E-03,+8.44300E-03
+10.30000E-03,+8.56862E-03
+10.32500E-03,+9.07114E-03
+10.35000E-03,+10.20179E-03
+10.37500E-03,+11.70933E-03
+10.40000E-03,+9.82491E-03
+10.42500E-03,+9.32239E-03
+10.45000E-03,+10.45305E-03
+10.47500E-03,+13.58590E-03
+10.50000E-03,+12.83213E-03
+10.52500E-03,+13.33464E-03
+10.55000E-03,+13.71153E-03
+10.57500E-03,+13.71153E-03
+10.60000E-03,+14.08841E-03
+10.62500E-03,+12.70650E-03
+10.65000E-03,+10.31957E-03
+10.67500E-03,+13.46027E-03
+10.70000E-03,+11.19896E-03
+10.72500E-03,+6.05606E-03
+10.75000E-03,+7.80700E-03
+10.77500E-03,+3.79475E-03
+10.80000E-03,+2.66410E-03
+10.82500E-03,+2.41285E-03
+10.85000E-03,+6.43295E-03
+10.87500E-03,+6.29947E-03
+10.90000E-03,+6.67635E-03
+10.92500E-03,+6.04821E-03
+10.95000E-03,+3.54350E-03
+10.97500E-03,+3.92038E-03
+11.00000E-03,+3.29224E-03
+11.02500E-03,+3.04099E-03
+11.05000E-03,+2.03596E-03
+11.07500E-03,-1.35600E-03
+11.10000E-03,+2.78973E-03
+11.12500E-03,+6.67635E-03
+11.15000E-03,+3.03313E-03
+11.17500E-03,-3.36605E-03
+11.20000E-03,-2.23540E-03
+11.22500E-03,+5.42007E-03
+11.25000E-03,+8.43514E-03
+11.27500E-03,+3.66128E-03
+11.30000E-03,+528.42E-06
+11.32500E-03,+4.79193E-03
+11.35000E-03,+5.29444E-03
+11.37500E-03,+6.55072E-03
+11.40000E-03,+4.91756E-03
+11.42500E-03,+5.42007E-03
+11.45000E-03,+4.16379E-03
+11.47500E-03,+3.91253E-03
+11.50000E-03,+3.91253E-03
+11.52500E-03,+3.91253E-03
+11.55000E-03,+3.41002E-03
+11.57500E-03,+528.42E-06
+11.60000E-03,+5.67133E-03
+11.62500E-03,+4.79193E-03
+11.65000E-03,+3.53565E-03
+11.67500E-03,+8.43514E-03
+11.70000E-03,+6.67635E-03
+11.72500E-03,+5.54570E-03
+11.75000E-03,+2.90751E-03
+11.77500E-03,-1.23037E-03
+11.80000E-03,+905.31E-06
+11.82500E-03,-2.98916E-03
+11.85000E-03,-727.86E-06
+11.87500E-03,-4.24545E-03
+11.90000E-03,-1.23037E-03
+11.92500E-03,-1.85851E-03
+11.95000E-03,-1.73288E-03
+11.97500E-03,-2.48665E-03
+12.00000E-03,-2.36102E-03
+12.02500E-03,-1.35600E-03
+12.05000E-03,+1.27434E-03
+12.07500E-03,+277.17E-06
+12.10000E-03,+402.80E-06
+12.12500E-03,+1.77685E-03
+12.15000E-03,+2.15374E-03
+12.17500E-03,+8.18389E-03
+12.20000E-03,+4.28942E-03
+12.22500E-03,-1.73288E-03
+12.25000E-03,+1.39997E-03
+12.27500E-03,+4.03816E-03
+12.30000E-03,+7.30449E-03
+12.32500E-03,+3.15876E-03
+12.35000E-03,-1.48163E-03
+12.37500E-03,+1.65908E-03
+12.40000E-03,-476.60E-06
+12.42500E-03,+897.46E-06
+12.45000E-03,+2.90751E-03
+12.47500E-03,-727.86E-06
+12.50000E-03,+402.80E-06
+12.52500E-03,+277.17E-06
+12.55000E-03,+771.83E-06
+12.57500E-03,+528.42E-06
+12.60000E-03,-979.11E-06
+12.62500E-03,-602.23E-06
+12.65000E-03,-602.23E-06
+12.67500E-03,+25.91E-06
+12.70000E-03,-1.60726E-03
+12.72500E-03,+402.80E-06
+12.75000E-03,-2.86354E-03
+12.77500E-03,+1.40782E-03
+12.80000E-03,+4.04601E-03
+12.82500E-03,+7.55575E-03
+12.85000E-03,+6.42509E-03
+12.87500E-03,-727.86E-06
+12.90000E-03,+1.28219E-03
+12.92500E-03,+3.41787E-03
+12.95000E-03,+7.17886E-03
+12.97500E-03,+2.91536E-03
+13.00000E-03,+5.04318E-03
+13.02500E-03,+5.67133E-03
+13.05000E-03,+3.54350E-03
+13.07500E-03,+4.16379E-03
+13.10000E-03,+3.41002E-03
+13.12500E-03,+3.41002E-03
+13.15000E-03,+4.41504E-03
+13.17500E-03,+7.80700E-03
+13.20000E-03,+1.40782E-03
+13.22500E-03,+277.17E-06
+13.25000E-03,+5.30229E-03
+13.27500E-03,+5.54570E-03
+13.30000E-03,+7.05323E-03
+13.32500E-03,+5.16881E-03
+13.35000E-03,+7.30449E-03
+13.37500E-03,+3.78690E-03
+13.40000E-03,+1.77685E-03
+13.42500E-03,+1.53345E-03
+13.45000E-03,-2.36102E-03
+13.47500E-03,+25.91E-06
+13.50000E-03,+1.65908E-03
+13.52500E-03,+1.65908E-03
+13.55000E-03,+1.40782E-03
+13.57500E-03,+779.68E-06
+13.60000E-03,+25.91E-06
+13.62500E-03,+779.68E-06
+13.65000E-03,+1.40782E-03
+13.67500E-03,+3.04099E-03
+13.70000E-03,+2.91536E-03
+13.72500E-03,-727.86E-06
+13.75000E-03,-99.72E-06
+13.77500E-03,+4.79193E-03
+13.80000E-03,+2.78188E-03
+13.82500E-03,+5.29444E-03
+13.85000E-03,-1.60726E-03
+13.87500E-03,+2.15374E-03
+13.90000E-03,+2.40499E-03
+13.92500E-03,+4.03816E-03
+13.95000E-03,-1.60726E-03
+13.97500E-03,+3.41002E-03
+14.00000E-03,+5.04318E-03
+14.02500E-03,-476.60E-06
+14.05000E-03,+520.57E-06
+14.07500E-03,-610.08E-06
+14.10000E-03,+1.65122E-03
+14.12500E-03,-610.08E-06
+14.15000E-03,-3.24042E-03
+14.17500E-03,-4.87359E-03
+14.20000E-03,-2.23540E-03
+14.22500E-03,-5.87861E-03
+14.25000E-03,-4.49670E-03
+14.27500E-03,-4.87359E-03
+14.30000E-03,-4.99921E-03
+14.32500E-03,-2.61228E-03
+14.35000E-03,-2.61228E-03
+14.37500E-03,+394.94E-06
+14.40000E-03,-233.20E-06
+14.42500E-03,-2.36888E-03
+14.45000E-03,-2.36102E-03
+14.47500E-03,+1.65122E-03
+14.50000E-03,-1.86636E-03
+14.52500E-03,-1.98414E-03
+14.55000E-03,-1.61511E-03
+14.57500E-03,-3.61731E-03
+14.60000E-03,-3.61731E-03
+14.62500E-03,-5.75298E-03
+14.65000E-03,-3.99419E-03
+14.67500E-03,+1.02308E-03
+14.70000E-03,-1.61511E-03
+14.72500E-03,+1.52560E-03
+14.75000E-03,-610.08E-06
+14.77500E-03,-610.08E-06
+14.80000E-03,+897.46E-06
+14.82500E-03,+1.02308E-03
+14.85000E-03,-986.97E-06
+14.87500E-03,+6.92761E-03
+14.90000E-03,-5.37610E-03
+14.92500E-03,-6.88364E-03
+14.95000E-03,+2.90751E-03
+14.97500E-03,-4.12767E-03
+15.00000E-03,-10.02434E-03
+15.02500E-03,-7.51178E-03
+15.05000E-03,-3.49953E-03
+15.07500E-03,-735.71E-06
+15.10000E-03,-7.51178E-03
+15.12500E-03,-3.74293E-03
+15.15000E-03,-4.11982E-03
+15.17500E-03,-3.74293E-03
+15.20000E-03,-1.48948E-03
+15.22500E-03,+394.94E-06
+15.25000E-03,-2.73791E-03
+15.27500E-03,-3.49168E-03
+15.30000E-03,-2.11762E-03
+15.32500E-03,-5.25047E-03
+15.35000E-03,-3.12264E-03
+15.37500E-03,-7.51178E-03
+15.40000E-03,-3.37390E-03
+15.42500E-03,-2.87139E-03
+15.45000E-03,-4.11982E-03
+15.47500E-03,+1.90248E-03
+15.50000E-03,+2.40499E-03
+15.52500E-03,+2.78188E-03
+15.55000E-03,+4.79193E-03
+15.57500E-03,+4.03816E-03
+15.60000E-03,+2.02811E-03
+15.62500E-03,+394.94E-06
+15.65000E-03,-2.87139E-03
+15.67500E-03,-1.11259E-03
+15.70000E-03,-610.08E-06
+15.72500E-03,-2.99702E-03
+15.75000E-03,-6.12987E-03
+15.77500E-03,-6.50675E-03
+15.80000E-03,-3.86856E-03
+15.82500E-03,-5.87861E-03
+15.85000E-03,-4.87359E-03
+15.87500E-03,-6.12987E-03
+15.90000E-03,-5.75298E-03
+15.92500E-03,-1.61511E-03
+15.95000E-03,-12.78816E-03
+15.97500E-03,-3.49953E-03
+16.00000E-03,-2.49450E-03
+16.02500E-03,+1.65122E-03
+16.05000E-03,-5.62736E-03
+16.07500E-03,+143.69E-06
+16.10000E-03,-4.24545E-03
+16.12500E-03,+1.28219E-03
+16.15000E-03,+402.80E-06
+16.17500E-03,-602.23E-06
+16.20000E-03,-2.86354E-03
+16.22500E-03,-5.37610E-03
+16.25000E-03,-2.98916E-03
+16.27500E-03,-1.98414E-03
+16.30000E-03,+646.20E-06
+16.32500E-03,+1.77685E-03
+16.35000E-03,+3.28439E-03
+16.37500E-03,+1.02308E-03
+16.40000E-03,+1.27434E-03
+16.42500E-03,+3.03313E-03
+16.45000E-03,+771.83E-06
+16.47500E-03,-484.45E-06
+16.50000E-03,-610.08E-06
+16.52500E-03,-8.51680E-03
+16.55000E-03,-7.63741E-03
+16.57500E-03,-9.39620E-03
+16.60000E-03,-10.14997E-03
+16.62500E-03,-4.62233E-03
+16.65000E-03,+18.06E-06
+16.67500E-03,-6.76586E-03
+16.70000E-03,-9.27057E-03
+16.72500E-03,-14.04444E-03
+16.75000E-03,-9.39620E-03
+16.77500E-03,-7.38615E-03
+16.80000E-03,-9.01932E-03
+16.82500E-03,-9.89871E-03
+16.85000E-03,-10.65248E-03
+16.87500E-03,-11.40625E-03
+16.90000E-03,-11.15499E-03
+16.92500E-03,-13.16504E-03
+16.95000E-03,-6.26335E-03
+16.97500E-03,-4.25330E-03
+17.00000E-03,-10.90374E-03
+17.02500E-03,-14.17007E-03
+17.05000E-03,-12.78816E-03
+17.07500E-03,-10.40122E-03
+17.10000E-03,-9.64746E-03
+17.12500E-03,-6.01209E-03
+17.15000E-03,-4.12767E-03
+17.17500E-03,-9.27842E-03
+17.20000E-03,-10.91159E-03
+17.22500E-03,-9.15280E-03
+17.25000E-03,-10.03219E-03
+17.27500E-03,-8.90154E-03
+17.30000E-03,-9.52968E-03
+17.32500E-03,-10.78596E-03
+17.35000E-03,-11.28847E-03
+17.37500E-03,-13.67541E-03
+17.40000E-03,-14.05229E-03
+17.42500E-03,-16.93389E-03
+17.45000E-03,-10.53470E-03
+17.47500E-03,-10.66033E-03
+17.50000E-03,-12.41913E-03
+17.52500E-03,-12.92164E-03
+17.55000E-03,-18.31580E-03
+17.57500E-03,-16.43138E-03
+17.60000E-03,-17.93891E-03
+17.62500E-03,-10.66033E-03
+17.65000E-03,-13.54193E-03
+17.67500E-03,-11.90876E-03
+17.70000E-03,-15.67761E-03
+17.72500E-03,-11.53188E-03
+17.75000E-03,-9.90656E-03
+17.77500E-03,-10.02434E-03
+17.80000E-03,-8.39903E-03
+17.82500E-03,-8.65028E-03
+17.85000E-03,-9.02717E-03
+17.87500E-03,-8.64243E-03
+17.90000E-03,-7.77089E-03
+17.92500E-03,-8.52465E-03
+17.95000E-03,-9.01932E-03
+17.97500E-03,-6.26335E-03
+18.00000E-03,-9.02717E-03
+18.02500E-03,-9.15280E-03
+18.05000E-03,-8.77591E-03
+18.07500E-03,-8.90154E-03
+18.10000E-03,-8.02214E-03
+18.12500E-03,-8.02214E-03
+18.15000E-03,-10.14997E-03
+18.17500E-03,-14.17007E-03
+18.20000E-03,-15.30072E-03
+18.22500E-03,-13.54978E-03
+18.25000E-03,-15.80323E-03
+18.27500E-03,-15.55198E-03
+18.30000E-03,-14.80606E-03
+18.32500E-03,-16.30575E-03
+18.35000E-03,-14.17007E-03
+18.37500E-03,-13.80104E-03
+18.40000E-03,-17.81329E-03
+18.42500E-03,-14.29570E-03
+18.45000E-03,-11.90876E-03
+18.47500E-03,-12.53690E-03
+18.50000E-03,-13.29067E-03
+18.52500E-03,-11.78313E-03
+18.55000E-03,-11.40625E-03
+18.57500E-03,-13.54193E-03
+18.60000E-03,-12.53690E-03
+18.62500E-03,-12.66253E-03
+18.65000E-03,-10.14997E-03
+18.67500E-03,-5.76084E-03
+18.70000E-03,-8.14777E-03
+18.72500E-03,-15.55198E-03
+18.75000E-03,-15.42635E-03
+18.77500E-03,-9.27842E-03
+18.80000E-03,-7.14274E-03
+18.82500E-03,-16.05449E-03
+18.85000E-03,-12.54475E-03
+18.87500E-03,-8.02214E-03
+18.90000E-03,-14.79821E-03
+18.92500E-03,-14.92384E-03
+18.95000E-03,-12.67038E-03
+18.97500E-03,-13.04727E-03
+19.00000E-03,-14.79821E-03
+19.02500E-03,-14.05229E-03
+19.05000E-03,-15.05732E-03
+19.07500E-03,-14.79821E-03
+19.10000E-03,-17.93891E-03
+19.12500E-03,-19.44645E-03
+19.15000E-03,-16.56486E-03
+19.17500E-03,-21.70776E-03
+19.20000E-03,-19.82334E-03
+19.22500E-03,-17.82114E-03
+19.25000E-03,-21.95901E-03
+19.27500E-03,-19.69771E-03
+19.30000E-03,-19.69771E-03
+19.32500E-03,-20.70273E-03
+19.35000E-03,-13.92666E-03
+19.37500E-03,-14.80606E-03
+19.40000E-03,-15.18295E-03
+19.42500E-03,-18.56705E-03
+19.45000E-03,-16.80826E-03
+19.47500E-03,-17.43640E-03
+19.50000E-03,-15.05732E-03
+19.52500E-03,-15.81109E-03
+19.55000E-03,-15.05732E-03
+19.57500E-03,-11.91661E-03
+19.60000E-03,-14.17792E-03
+19.62500E-03,-13.54978E-03
+19.65000E-03,-11.91661E-03
+19.67500E-03,-13.17290E-03
+19.70000E-03,-14.30355E-03
+19.72500E-03,-13.42415E-03
+19.75000E-03,-11.16285E-03
+19.77500E-03,-12.41913E-03
+19.80000E-03,-16.93389E-03
+19.82500E-03,-15.30857E-03
+19.85000E-03,-13.54978E-03
+19.87500E-03,-15.42635E-03
+19.90000E-03,-20.45148E-03
+19.92500E-03,-17.06737E-03
+19.95000E-03,-18.57491E-03
+19.97500E-03,-17.56988E-03
+20.00000E-03,-19.32867E-03
+20.02500E-03,-18.57491E-03
+20.05000E-03,-21.95901E-03
+20.07500E-03,-21.83339E-03
+20.10000E-03,-21.95901E-03
+20.12500E-03,-21.83339E-03
+20.15000E-03,-20.95399E-03
+20.17500E-03,-21.33087E-03
+20.20000E-03,-17.56988E-03
+20.22500E-03,-19.44645E-03
+20.25000E-03,-20.20022E-03
+20.27500E-03,-19.82334E-03
+20.30000E-03,-18.19802E-03
+20.32500E-03,-22.46153E-03
+20.35000E-03,-21.07962E-03
+20.37500E-03,-21.45650E-03
+20.40000E-03,-22.21027E-03
+20.42500E-03,-14.93169E-03
+20.45000E-03,-11.53973E-03
+20.47500E-03,-11.03722E-03
+20.50000E-03,-17.94676E-03
+20.52500E-03,-22.83841E-03
+20.55000E-03,-16.69048E-03
+20.57500E-03,-17.94676E-03
+20.60000E-03,-17.19300E-03
+20.62500E-03,-17.56988E-03
+20.65000E-03,-19.94896E-03
+20.67500E-03,-16.18797E-03
+20.70000E-03,-16.94174E-03
+20.72500E-03,-16.43923E-03
+20.75000E-03,-23.84344E-03
+20.77500E-03,-16.80826E-03
+20.80000E-03,-11.41410E-03
+20.82500E-03,-13.29852E-03
+20.85000E-03,-19.44645E-03
+20.87500E-03,-19.57208E-03
+20.90000E-03,-17.31077E-03
+20.92500E-03,-12.03439E-03
+20.95000E-03,-7.14274E-03
+20.97500E-03,-15.80323E-03
+21.00000E-03,-12.41128E-03
+21.02500E-03,-12.66253E-03
+21.05000E-03,-12.41128E-03
+21.07500E-03,-11.15499E-03
+21.10000E-03,-12.28565E-03
+21.12500E-03,-12.03439E-03
+21.15000E-03,-12.16002E-03
+21.17500E-03,-10.15782E-03
+21.20000E-03,-12.16787E-03
+21.22500E-03,-13.16504E-03
+21.25000E-03,-11.03722E-03
+21.27500E-03,-10.15782E-03
+21.30000E-03,-8.52465E-03
+21.32500E-03,-5.63521E-03
+21.35000E-03,-10.77811E-03
+21.37500E-03,-9.78094E-03
+21.40000E-03,-11.15499E-03
+21.42500E-03,-12.04224E-03
+21.45000E-03,-10.40908E-03
+21.47500E-03,-6.76586E-03
+21.50000E-03,-9.64746E-03
+21.52500E-03,-12.03439E-03
+21.55000E-03,-10.03219E-03
+21.57500E-03,-8.77591E-03
+21.60000E-03,-10.52685E-03
+21.62500E-03,-9.02717E-03
+21.65000E-03,-9.89871E-03
+21.67500E-03,-10.77811E-03
+21.70000E-03,-10.40122E-03
+21.72500E-03,-11.28062E-03
+21.75000E-03,-10.52685E-03
+21.77500E-03,-9.64746E-03
+21.80000E-03,-8.27340E-03
+21.82500E-03,-10.40122E-03
+21.85000E-03,-12.41128E-03
+21.87500E-03,-9.89871E-03
+21.90000E-03,-9.90656E-03
+21.92500E-03,-8.65028E-03
+21.95000E-03,-8.65028E-03
+21.97500E-03,-12.03439E-03
+22.00000E-03,-13.41630E-03
+22.02500E-03,-9.02717E-03
+22.05000E-03,-11.15499E-03
+22.07500E-03,-9.27057E-03
+22.10000E-03,-6.38898E-03
+22.12500E-03,-9.02717E-03
+22.15000E-03,-6.76586E-03
+22.17500E-03,-6.76586E-03
+22.20000E-03,-10.90374E-03
+22.22500E-03,-9.64746E-03
+22.25000E-03,-5.38395E-03
+22.27500E-03,-9.27057E-03
+22.30000E-03,-6.76586E-03
+22.32500E-03,-6.76586E-03
+22.35000E-03,-8.64243E-03
+22.37500E-03,-8.51680E-03
+22.40000E-03,-5.63521E-03
+22.42500E-03,-9.14494E-03
+22.45000E-03,-11.02937E-03
+22.47500E-03,-9.01932E-03
+22.50000E-03,-8.39117E-03
+22.52500E-03,-8.77591E-03
+22.55000E-03,-13.66756E-03
+22.57500E-03,-11.90876E-03
+22.60000E-03,-7.01712E-03
+22.62500E-03,-6.51460E-03
+22.65000E-03,-13.29067E-03
+22.67500E-03,-14.29570E-03
+22.70000E-03,-9.52183E-03
+22.72500E-03,-8.02214E-03
+22.75000E-03,-6.13772E-03
+22.77500E-03,-7.64526E-03
+22.80000E-03,-7.14274E-03
+22.82500E-03,-9.01932E-03
+22.85000E-03,-7.64526E-03
+22.87500E-03,-3.49953E-03
+22.90000E-03,-9.90656E-03
+22.92500E-03,-5.13269E-03
+22.95000E-03,-8.14777E-03
+22.97500E-03,-11.15499E-03
+23.00000E-03,-10.66033E-03
+23.02500E-03,-10.15782E-03
+23.05000E-03,-13.41630E-03
+23.07500E-03,-12.16002E-03
+23.10000E-03,-9.52968E-03
+23.12500E-03,-13.66756E-03
+23.15000E-03,-11.90876E-03
+23.17500E-03,-10.78596E-03
+23.20000E-03,-12.41128E-03
+23.22500E-03,-10.90374E-03
+23.25000E-03,-11.90876E-03
+23.27500E-03,-11.53188E-03
+23.30000E-03,-11.78313E-03
+23.32500E-03,-11.65751E-03
+23.35000E-03,-11.90876E-03
+23.37500E-03,-10.65248E-03
+23.40000E-03,-11.28062E-03
+23.42500E-03,-13.54193E-03
+23.45000E-03,-11.53188E-03
+23.47500E-03,-13.41630E-03
+23.50000E-03,-4.00204E-03
+23.52500E-03,-12.03439E-03
+23.55000E-03,-9.40405E-03
+23.57500E-03,-8.89369E-03
+23.60000E-03,-5.38395E-03
+23.62500E-03,-10.65248E-03
+23.65000E-03,-7.14274E-03
+23.67500E-03,-6.26335E-03
+23.70000E-03,-8.51680E-03
+23.72500E-03,-10.14997E-03
+23.75000E-03,-7.14274E-03
+23.77500E-03,-7.51963E-03
+23.80000E-03,-9.01932E-03
+23.82500E-03,-7.64526E-03
+23.85000E-03,-7.39400E-03
+23.87500E-03,-5.13269E-03
+23.90000E-03,-8.39117E-03
+23.92500E-03,-7.14274E-03
+23.95000E-03,-8.90154E-03
+23.97500E-03,-6.89149E-03
+24.00000E-03,-7.64526E-03
+24.02500E-03,-10.77811E-03
+24.05000E-03,-10.77811E-03
+24.07500E-03,-9.52968E-03
+24.10000E-03,-13.03942E-03
+24.12500E-03,-14.29570E-03
+24.15000E-03,-10.65248E-03
+24.17500E-03,-12.53690E-03
+24.20000E-03,-15.55198E-03
+24.22500E-03,-6.88364E-03
+24.25000E-03,-6.25550E-03
+24.27500E-03,-2.11762E-03
+24.30000E-03,-1.99199E-03
+24.32500E-03,-5.13269E-03
+24.35000E-03,-5.00707E-03
+24.37500E-03,-3.87641E-03
+24.40000E-03,-3.87641E-03
+24.42500E-03,-3.62516E-03
+24.45000E-03,-3.87641E-03
+24.47500E-03,-4.87359E-03
+24.50000E-03,-4.00204E-03
+24.52500E-03,+1.77685E-03
+24.55000E-03,-10.02434E-03
+24.57500E-03,-11.65751E-03
+24.60000E-03,-3.37390E-03
+24.62500E-03,+1.65122E-03
+24.65000E-03,-3.87641E-03
+24.67500E-03,-10.65248E-03
+24.70000E-03,-9.14494E-03
+24.72500E-03,-1.48948E-03
+24.75000E-03,-2.87139E-03
+24.77500E-03,-5.62736E-03
+24.80000E-03,-6.00424E-03
+24.82500E-03,-6.88364E-03
+24.85000E-03,-6.50675E-03
+24.87500E-03,-8.01429E-03
+24.90000E-03,-9.77308E-03
+24.92500E-03,-6.25550E-03
+24.95000E-03,-12.53690E-03
+24.97500E-03,-8.89369E-03
